{
    "serverPort": 3000,
    "sslSettings": {
        "enabled": false,
        "port": 3001,
        "keyFile": "./ssl/ca/intermediate/private/i2ConnectServer.key.pem",
        "certFile": "./ssl/ca/intermediate/certs/i2ConnectServer.cert.pem",
        "certChecking" : {
            "enabled": false,
            "ca": ["./ssl/ca/intermediate/certs/ca-chain.cert.pem"],
            "ocspCheckingEnabled": false,
            "ocspFallbackResponder": "http://<OCSP_SERVER>:2560"
        }
    },
    "logSettings": {
        "level": "debug",
        "logDir": "./logs"
    },
    "jwt": {
        "required": false,
        "secret": "ysR4966a!X0a0ZuxIE49N37p" 
    }
}