<?xml version="1.0" encoding="utf-8"?>
<ChartingSchemeList xmlns:xsi="http://www.w3.org/2001/XMLSchema-instance" xmlns:xsd="http://www.w3.org/2001/XMLSchema" xmlns="http://www.i2group.com/Schemas/2012-05-29/ModelData/v2">
  <ChartingSchemes xmlns="">
    <ChartingScheme Name="Charting Scheme 1">
      <XmlChartingScheme>
        <ChartItemAttributes>
          <ChartItemAttribute ShowPrefix="true" ShowClassName="true" Suffix="" Prefix=": ">
            <Name>Gender</Name>
            <Type>AttText</Type>
            <IconFile>General</IconFile>
          </ChartItemAttribute>
          <ChartItemAttribute ShowPrefix="true" ShowClassName="true" Suffix="" Prefix=": ">
            <Name>Date Of Birth</Name>
            <Type>AttTime</Type>
            <IconFile>General</IconFile>
          </ChartItemAttribute>
          <ChartItemAttribute ShowPrefix="true" ShowClassName="true" Suffix="" Prefix=": ">
            <Name>Do Not Call?</Name>
            <Type>AttFlag</Type>
            <IconFile>General</IconFile>
          </ChartItemAttribute>
          <ChartItemAttribute ShowPrefix="true" ShowClassName="true" Suffix="" Prefix=": ">
            <Name>Category</Name>
            <Type>AttText</Type>
            <IconFile>General</IconFile>
          </ChartItemAttribute>
          <ChartItemAttribute ShowPrefix="true" ShowClassName="true" Suffix="" Prefix=": ">
            <Name>URL</Name>
            <Type>AttText</Type>
            <IconFile>General</IconFile>
          </ChartItemAttribute>
          <ChartItemAttribute ShowPrefix="true" ShowClassName="true" Suffix="" Prefix=": ">
            <Name>Date Start</Name>
            <Type>AttTime</Type>
            <IconFile>General</IconFile>
          </ChartItemAttribute>
          <ChartItemAttribute ShowPrefix="true" ShowClassName="true" Suffix="" Prefix=": ">
            <Name>Date End</Name>
            <Type>AttTime</Type>
            <IconFile>General</IconFile>
          </ChartItemAttribute>
          <ChartItemAttribute ShowPrefix="true" ShowClassName="true" Suffix="" Prefix=": ">
            <Name>DateTime Start</Name>
            <Type>AttTime</Type>
            <IconFile>General</IconFile>
          </ChartItemAttribute>
          <ChartItemAttribute ShowPrefix="true" ShowClassName="true" Suffix="" Prefix=": ">
            <Name>Date Time End</Name>
            <Type>AttTime</Type>
            <IconFile>General</IconFile>
          </ChartItemAttribute>
          <ChartItemAttribute ShowPrefix="true" ShowClassName="true" Suffix="" Prefix=": ">
            <Name>Type</Name>
            <Type>AttText</Type>
            <IconFile>General</IconFile>
          </ChartItemAttribute>
          <ChartItemAttribute ShowValue="false" ShowIfSet="true" ShowClassName="true" Suffix="" Prefix="">
            <Name>Possible Person</Name>
            <Type>AttFlag</Type>
            <IconFile>i2 Social Media Username</IconFile>
          </ChartItemAttribute>
        </ChartItemAttributes>
        <ChartItemDataRecordProperties />
        <EntityMappings>
          <ItemType Id="ET1">
            <PropertyMappings>
              <PropertyMapping Property="Label">
                <ResolvableValue>
                  <ApolloProperty Id="PT66">
                    <Aggregation />
                  </ApolloProperty>
                </ResolvableValue>
              </PropertyMapping>
            </PropertyMappings>
            <AttributeMappings>
              <AttributeMapping Name="Gender">
                <ResolvableValue>
                  <ApolloProperty Id="PT5">
                    <Aggregation />
                  </ApolloProperty>
                </ResolvableValue>
              </AttributeMapping>
              <AttributeMapping Name="Date Of Birth">
                <ResolvableValue>
                  <ApolloProperty Id="PT6">
                    <Aggregation />
                  </ApolloProperty>
                </ResolvableValue>
              </AttributeMapping>
              <AttributeMapping Name="Possible Person">
                <ResolvableValue>
                  <ApolloProperty Id="PT75">
                    <Aggregation Operation="LogicalOr" />
                  </ApolloProperty>
                </ResolvableValue>
              </AttributeMapping>
            </AttributeMappings>
          </ItemType>
          <ItemType Id="ET2">
            <PropertyMappings>
              <PropertyMapping Property="Label">
                <ResolvableValue>
                  <ApolloProperty Id="PT12">
                    <Aggregation />
                  </ApolloProperty>
                </ResolvableValue>
              </PropertyMapping>
            </PropertyMappings>
            <AttributeMappings />
          </ItemType>
          <ItemType Id="ET3">
            <PropertyMappings>
              <PropertyMapping Property="Label">
                <ResolvableValue>
                  <ApolloProperty Id="PT16">
                    <Aggregation />
                  </ApolloProperty>
                </ResolvableValue>
              </PropertyMapping>
            </PropertyMappings>
            <AttributeMappings />
          </ItemType>
          <ItemType Id="ET4">
            <PropertyMappings>
              <PropertyMapping Property="Label">
                <ResolvableValue>
                  <ApolloProperty Id="PT23">
                    <Aggregation />
                  </ApolloProperty>
                </ResolvableValue>
              </PropertyMapping>
            </PropertyMappings>
            <AttributeMappings>
              <AttributeMapping Name="Do Not Call?">
                <ResolvableValue>
                  <ApolloProperty Id="PT19">
                    <Aggregation Operation="LogicalOr" />
                  </ApolloProperty>
                </ResolvableValue>
              </AttributeMapping>
              <AttributeMapping Name="Type">
                <ResolvableValue>
                  <ApolloProperty Id="PT67">
                    <Aggregation />
                  </ApolloProperty>
                </ResolvableValue>
              </AttributeMapping>
            </AttributeMappings>
          </ItemType>
          <ItemType Id="ET5">
            <PropertyMappings>
              <PropertyMapping Property="Label">
                <ResolvableValue>
                  <ApolloProperty Id="PT30">
                    <Aggregation />
                  </ApolloProperty>
                </ResolvableValue>
              </PropertyMapping>
            </PropertyMappings>
            <AttributeMappings />
          </ItemType>
          <ItemType Id="ET6">
            <PropertyMappings>
              <PropertyMapping Property="Label">
                <ResolvableValue>
                  <ApolloProperty Id="PT38">
                    <Aggregation />
                  </ApolloProperty>
                </ResolvableValue>
              </PropertyMapping>
            </PropertyMappings>
            <AttributeMappings />
          </ItemType>
          <ItemType Id="ET7">
            <PropertyMappings>
              <PropertyMapping Property="Label">
                <ResolvableValue>
                  <ApolloProperty Id="PT41">
                    <Aggregation />
                  </ApolloProperty>
                </ResolvableValue>
              </PropertyMapping>
            </PropertyMappings>
            <AttributeMappings />
          </ItemType>
          <ItemType Id="ET8">
            <PropertyMappings>
              <PropertyMapping Property="Label">
                <ResolvableValue>
                  <ApolloProperty Id="PT45">
                    <Aggregation />
                  </ApolloProperty>
                </ResolvableValue>
                <ResolvableValue>
                  <LiteralValue Value="&#xD;&#xA;" />
                </ResolvableValue>
                <ResolvableValue>
                  <ApolloProperty Id="PT44">
                    <Aggregation />
                  </ApolloProperty>
                </ResolvableValue>
              </PropertyMapping>
            </PropertyMappings>
            <AttributeMappings>
              <AttributeMapping Name="Category">
                <ResolvableValue>
                  <ApolloProperty Id="PT46">
                    <Aggregation />
                  </ApolloProperty>
                </ResolvableValue>
              </AttributeMapping>
              <AttributeMapping Name="URL">
                <ResolvableValue>
                  <ApolloProperty Id="PT47">
                    <Aggregation />
                  </ApolloProperty>
                </ResolvableValue>
              </AttributeMapping>
            </AttributeMappings>
          </ItemType>
          <ItemType Id="ET9">
            <PropertyMappings>
              <PropertyMapping Property="Label">
                <ResolvableValue>
                  <ApolloProperty Id="PT57">
                    <Aggregation />
                  </ApolloProperty>
                </ResolvableValue>
              </PropertyMapping>
            </PropertyMappings>
            <AttributeMappings />
          </ItemType>
          <ItemType Id="ET10">
            <PropertyMappings>
              <PropertyMapping Property="Label">
                <ResolvableValue Suffix=" ">
                  <ApolloProperty Id="PT71">
                    <Aggregation />
                  </ApolloProperty>
                </ResolvableValue>
                <ResolvableValue>
                  <ApolloProperty Id="PT72">
                    <Aggregation />
                  </ApolloProperty>
                </ResolvableValue>
                <ResolvableValue>
                  <LiteralValue Value="&#xD;&#xA;" />
                </ResolvableValue>
                <ResolvableValue Prefix="(" Suffix=")">
                  <ApolloProperty Id="PT70">
                    <Aggregation />
                  </ApolloProperty>
                </ResolvableValue>
              </PropertyMapping>
            </PropertyMappings>
            <AttributeMappings />
          </ItemType>
          <ItemType Id="ET11">
            <PropertyMappings>
              <PropertyMapping Property="Label">
                <ResolvableValue>
                  <ApolloProperty Id="PT84">
                    <Aggregation />
                  </ApolloProperty>
                </ResolvableValue>
              </PropertyMapping>
            </PropertyMappings>
            <AttributeMappings />
          </ItemType>
          <ItemType Id="ET12">
            <PropertyMappings>
              <PropertyMapping Property="Label">
                <ResolvableValue>
                  <ApolloProperty Id="PT93">
                    <Aggregation />
                  </ApolloProperty>
                </ResolvableValue>
              </PropertyMapping>
            </PropertyMappings>
            <AttributeMappings>
              <AttributeMapping Name="Type">
                <ResolvableValue Prefix="(">
                  <ApolloProperty Id="PT89">
                    <Aggregation />
                  </ApolloProperty>
                </ResolvableValue>
                <ResolvableValue Suffix=")">
                  <ApolloProperty Id="PT90">
                    <Aggregation />
                  </ApolloProperty>
                </ResolvableValue>
              </AttributeMapping>
            </AttributeMappings>
          </ItemType>
        </EntityMappings>
        <LinkMappings>
          <ItemType Id="LT1">
            <PropertyMappings>
              <PropertyMapping Property="Label">
                <ResolvableValue>
                  <ApolloProperty Id="PT59">
                    <Aggregation />
                  </ApolloProperty>
                </ResolvableValue>
              </PropertyMapping>
            </PropertyMappings>
            <AttributeMappings>
              <AttributeMapping Enabled="false" Name="Date Start">
                <ResolvableValue>
                  <ApolloProperty Id="PT60">
                    <Aggregation />
                  </ApolloProperty>
                </ResolvableValue>
              </AttributeMapping>
              <AttributeMapping Enabled="false" Name="Date End">
                <ResolvableValue>
                  <ApolloProperty Id="PT61">
                    <Aggregation />
                  </ApolloProperty>
                </ResolvableValue>
              </AttributeMapping>
              <AttributeMapping Enabled="false" Name="DateTime Start">
                <ResolvableValue>
                  <ApolloProperty Id="PT62">
                    <Aggregation />
                  </ApolloProperty>
                </ResolvableValue>
              </AttributeMapping>
              <AttributeMapping Enabled="false" Name="Date Time End">
                <ResolvableValue>
                  <ApolloProperty Id="PT63">
                    <Aggregation />
                  </ApolloProperty>
                </ResolvableValue>
              </AttributeMapping>
            </AttributeMappings>
          </ItemType>
        </LinkMappings>
      </XmlChartingScheme>
    </ChartingScheme>
    <ChartingScheme Name="Charting Scheme 2">
      <XmlChartingScheme>
        <ChartItemAttributes />
        <ChartItemDataRecordProperties />
        <EntityMappings />
        <LinkMappings />
      </XmlChartingScheme>
    </ChartingScheme>
    <ChartingScheme Name="Charting Scheme 3">
      <XmlChartingScheme>
        <ChartItemAttributes />
        <ChartItemDataRecordProperties />
        <EntityMappings />
        <LinkMappings />
      </XmlChartingScheme>
    </ChartingScheme>
    <ChartingScheme Name="Charting Scheme 4">
      <XmlChartingScheme>
        <ChartItemAttributes />
        <ChartItemDataRecordProperties />
        <EntityMappings />
        <LinkMappings />
      </XmlChartingScheme>
    </ChartingScheme>
  </ChartingSchemes>
</ChartingSchemeList>