<?xml version="1.0" encoding="utf-8"?>
<ns2:Schema xmlns:xsi="http://www.w3.org/2001/XMLSchema-instance" xmlns:ns3="http://www.i2group.com/Schemas/2011-03-03/ModelSchemaExtension" DefaultLabelingSchemeId="LS1" xmlns:ns2="http://www.i2group.com/Schemas/2011-03-03/ModelSchema">
  <GradeTypes>
    <GradeType Id="G1" Name="Reliability" Description="Source Evaluation" Mandatory="false">
      <Values>
        <Value>A</Value>
        <Value>B</Value>
        <Value>C</Value>
        <Value>D</Value>
        <Value>E</Value>
      </Values>
    </GradeType>
    <GradeType Id="G2" Name="Confidence" Description="Information Intelligence Evaluation" Mandatory="false">
      <Values>
        <Value>1</Value>
        <Value>2</Value>
        <Value>3</Value>
        <Value>4</Value>
        <Value>5</Value>
      </Values>
    </GradeType>
    <GradeType Id="G3" Name="Privacy" Description="Handling Code" Mandatory="false">
      <Values>
        <Value>1</Value>
        <Value>2</Value>
        <Value>3</Value>
        <Value>4</Value>
        <Value>5</Value>
      </Values>
    </GradeType>
  </GradeTypes>
  <ItemTypes>
    <EntityTypes>
      <EntityType Description="Set" DisplayName="Set" Id="372a12af-f684-41c5-9ce9-759b3beef826" Icon="General group">
        <PropertyGroupTypes />
        <PropertyTypes>
          <PropertyType Description="Name" DisplayName="Name" Id="07e81445-0f5e-4340-b355-c82809e895da" LogicalType="SINGLE_LINE_STRING" Mandatory="true" Position="0" SemanticTypeId="" MaximumLengthChars="255">
            <PossibleValues />
          </PropertyType>
        </PropertyTypes>
      </EntityType>
      <EntityType Description="User" DisplayName="User" Id="642330a9-1eca-43d0-9f45-a3ca2fd8a1bb" Icon="Profmale">
        <PropertyGroupTypes />
        <PropertyTypes>
          <PropertyType Description="Name" DisplayName="Name" Id="ce3d12ac-2632-4a0f-b2b6-6a7fdda887a6" LogicalType="SINGLE_LINE_STRING" Mandatory="false" Position="0" SemanticTypeId="" MaximumLengthChars="250">
            <PossibleValues />
          </PropertyType>
          <PropertyType Description="Picture" DisplayName="Picture" Id="becf8151-c6ac-4b9e-bff5-bb56e02fb2ed" LogicalType="PICTURE" Mandatory="false" Position="1" SemanticTypeId="">
            <PossibleValues />
          </PropertyType>
          <PropertyType Description="Availability" DisplayName="Available" Id="e31bc44e-39f2-4221-a237-a69766d4685e" LogicalType="BOOLEAN" Mandatory="false" Position="2" SemanticTypeId="">
            <PossibleValues />
          </PropertyType>
        </PropertyTypes>
      </EntityType>
      <EntityType Description="Analyst's Notebook chart" DisplayName="Analysis Repository Chart" Id="cf17d636-44c9-4897-b19d-7d2eda002e57" Icon="Anbchart">
        <PropertyGroupTypes />
        <PropertyTypes>
          <PropertyType Description="The file name of the chart" DisplayName="Name" Id="d6d03ce2-3cd6-49c1-8a66-366d0e434fd4" LogicalType="SINGLE_LINE_STRING" Mandatory="true" Position="0" SemanticTypeId="" MaximumLengthChars="255">
            <PossibleValues />
          </PropertyType>
          <PropertyType Description="The binary file that stores the contents of the chart" DisplayName="Chart Binary Data" Id="a20fef80-5c5f-4cf6-a597-c869193792e7" LogicalType="DOCUMENT" Mandatory="false" Position="1" SemanticTypeId="">
            <PossibleValues />
          </PropertyType>
          <PropertyType Description="A thumbnail image of the chart" DisplayName="Chart Preview Image" Id="8690b4d1-421d-4df1-8a9b-b1d25a1676e3" LogicalType="PICTURE" Mandatory="false" Position="2" SemanticTypeId="">
            <PossibleValues />
          </PropertyType>
          <PropertyType Description="Data used to index the chart" DisplayName="Chart Index Data" Id="c84133b6-7c02-466f-ba14-c1bf28787f2c" LogicalType="DOCUMENT" Mandatory="false" Position="3" SemanticTypeId="">
            <PossibleValues />
          </PropertyType>
        </PropertyTypes>
      </EntityType>
      <EntityType Description="Alert Feed" DisplayName="Alert Feed" Id="1274e2e7-7751-4dae-a994-648718e19f04" Icon="Search">
        <PropertyGroupTypes>
          <PropertyGroupType Description="Events that will trigger alerts from this feed" DisplayName="Alert Trigger Events" Id="566eaa37-01d2-4628-9231-a0448ef4a44c" Mandatory="true" Position="3">
            <PropertyTypes>
              <PropertyType Description="Alert on changes to this item" DisplayName="Item has been changed" Id="03487793-7975-4332-903b-e670a66c9451" LogicalType="BOOLEAN" Mandatory="false" Position="0" SemanticTypeId="">
                <PossibleValues />
              </PropertyType>
              <PropertyType Description="Alert on deletion of this item" DisplayName="Item has been deleted" Id="f8471cf2-0b19-4bd2-9187-d3ac6f474026" LogicalType="BOOLEAN" Mandatory="false" Position="1" SemanticTypeId="">
                <PossibleValues />
              </PropertyType>
              <PropertyType Description="Alert on links made to this item" DisplayName="Link has been made to item" Id="0b99c403-49f7-4757-9876-3606ec5befa0" LogicalType="BOOLEAN" Mandatory="false" Position="2" SemanticTypeId="">
                <PossibleValues />
              </PropertyType>
              <PropertyType Description="Alert on changes to the primary properties of this item" DisplayName="Item primary properties have changed" Id="4b873852-76e4-48e1-884a-9f95b87210f9" LogicalType="BOOLEAN" Mandatory="false" Position="9" SemanticTypeId="">
                <PossibleValues />
              </PropertyType>
              <PropertyType Description="Alert on additions to this set" DisplayName="Content added to this set" Id="afa7f3fb-23b0-4869-8b7d-0306ef158b5b" LogicalType="BOOLEAN" Mandatory="false" Position="3" SemanticTypeId="">
                <PossibleValues />
              </PropertyType>
              <PropertyType Description="Alert on changes to the version of an item in this set" DisplayName="Version change for existing set content" Id="051e91c1-e925-4dd4-97f1-75ffe37f9c48" LogicalType="BOOLEAN" Mandatory="false" Position="8" SemanticTypeId="">
                <PossibleValues />
              </PropertyType>
              <PropertyType Description="Alert on removals from this set" DisplayName="Content removed from this set" Id="8146df80-3a08-4106-900f-214faf9ec571" LogicalType="BOOLEAN" Mandatory="false" Position="4" SemanticTypeId="">
                <PossibleValues />
              </PropertyType>
              <PropertyType Description="Alert on changes to any item in this set" DisplayName="Item in this set has been changed" Id="db8c60d1-1ff9-4896-bbd0-5e33351815e2" LogicalType="BOOLEAN" Mandatory="false" Position="5" SemanticTypeId="">
                <PossibleValues />
              </PropertyType>
              <PropertyType Description="Alert on deletion of any item in this set" DisplayName="Item in this set has been deleted" Id="514b213e-b677-428a-a5c9-b8690d564032" LogicalType="BOOLEAN" Mandatory="false" Position="6" SemanticTypeId="">
                <PossibleValues />
              </PropertyType>
              <PropertyType Description="Alert on links made to any item in this set" DisplayName="Item in this set has been linked to" Id="2d9ed2a2-5f33-432b-b99b-f08349f8366d" LogicalType="BOOLEAN" Mandatory="false" Position="7" SemanticTypeId="">
                <PossibleValues />
              </PropertyType>
              <PropertyType Description="Alert on changes to the primary properties of an item in this set" DisplayName="Item in this set has had primary properties changed" Id="e2127bbb-9ad8-417d-840f-74ec9849ec5e" LogicalType="BOOLEAN" Mandatory="false" Position="10" SemanticTypeId="">
                <PossibleValues />
              </PropertyType>
            </PropertyTypes>
          </PropertyGroupType>
        </PropertyGroupTypes>
        <PropertyTypes>
          <PropertyType Description="The name of this alert feed" DisplayName="Name" Id="b7b059a0-1079-45ac-8ae0-ee026f70dd69" LogicalType="SINGLE_LINE_STRING" Mandatory="true" Position="0" SemanticTypeId="" MaximumLengthChars="250">
            <PossibleValues />
          </PropertyType>
          <PropertyType Description="Descriptive text to be included in any generated alerts" DisplayName="Description" Id="d1949ec2-9a77-461e-a16f-81026ccd1e89" LogicalType="MULTIPLE_LINE_STRING" Mandatory="false" Position="1" SemanticTypeId="">
            <PossibleValues />
          </PropertyType>
          <PropertyType Description="Unique identifier of the item being monitored for alerts" DisplayName="Alert Reference ID" Id="814a72ed-5c68-4763-8d47-b4866de2344b" LogicalType="SINGLE_LINE_STRING" Mandatory="true" Position="2" SemanticTypeId="" MaximumLengthChars="250">
            <PossibleValues />
          </PropertyType>
        </PropertyTypes>
      </EntityType>
      <EntityType Description="Stored Query" DisplayName="Query" Id="43cd717c-0204-4c81-93ea-f9f0458bc5ea" Icon="StoredQuery">
        <PropertyGroupTypes>
          <PropertyGroupType Description="Presentation Metadata. This data is private to the stored query and is not directly editable." DisplayName="Query Presentation" Id="2c818fa6-68c4-42a4-9bc3-c34bcdc4379a" Mandatory="false" Position="5">
            <PropertyTypes>
              <PropertyType Description="Presentation Format Type. This data is private to the stored query and is not directly editable." DisplayName="Format" Id="97f76ffe-1ece-4d5b-9e20-ea66b572b2c5" LogicalType="SINGLE_LINE_STRING" Mandatory="true" Position="0" SemanticTypeId="" MaximumLengthChars="250">
                <PossibleValues />
              </PropertyType>
              <PropertyType Description="Presentation String Data. This data is private to the stored query and is not directly editable." DisplayName="String Data" Id="b58f34b6-60fb-4730-a4aa-156bf4e817e0" LogicalType="SINGLE_LINE_STRING" Mandatory="false" Position="1" SemanticTypeId="" MaximumLengthChars="250">
                <PossibleValues />
              </PropertyType>
              <PropertyType Description="Presentation XML Data. This data is private to the stored query and is not directly editable." DisplayName="XML Data" Id="ab2fdf78-ddd8-49b2-872a-f5c8ac2106d5" LogicalType="XML" Mandatory="false" Position="2" SemanticTypeId="">
                <PossibleValues />
              </PropertyType>
            </PropertyTypes>
          </PropertyGroupType>
        </PropertyGroupTypes>
        <PropertyTypes>
          <PropertyType Description="User-specified name of this stored query" DisplayName="Name" Id="98ce27bc-50d7-4fa0-89b0-d6440cdb12fd" LogicalType="SINGLE_LINE_STRING" Mandatory="true" Position="0" SemanticTypeId="" MaximumLengthChars="250">
            <PossibleValues />
          </PropertyType>
          <PropertyType Description="Description of this stored query" DisplayName="Description" Id="a30ddbca-6c14-4454-bdb0-811a5b5beb16" LogicalType="MULTIPLE_LINE_STRING" Mandatory="false" Position="1" SemanticTypeId="">
            <PossibleValues />
          </PropertyType>
          <PropertyType Description="Stored Query Type. This data is private to the stored query and is not directly editable." DisplayName="Query Type" Id="5ae10920-6d60-419f-80db-ba5b9935d93b" LogicalType="SINGLE_LINE_STRING" Mandatory="true" Position="2" SemanticTypeId="" MaximumLengthChars="250">
            <PossibleValues />
          </PropertyType>
          <PropertyType Description="Stored Query String Definition. This data is private to the stored query and is not directly editable." DisplayName="Query Definition (String)" Id="17903032-1cd1-4524-94ef-a35aab212e6a" LogicalType="SINGLE_LINE_STRING" Mandatory="false" Position="3" SemanticTypeId="" MaximumLengthChars="250">
            <PossibleValues />
          </PropertyType>
          <PropertyType Description="Stored Query XML Definition. This data is private to the stored query and is not directly editable." DisplayName="Query Definition (XML)" Id="f5916739-a962-4c01-95d3-2598bfabc1b5" LogicalType="XML" Mandatory="false" Position="4" SemanticTypeId="">
            <PossibleValues />
          </PropertyType>
        </PropertyTypes>
      </EntityType>
      <EntityType Description="" DisplayName="Person" Id="ET1" Icon="Person (Shaded Shirt)">
        <PropertyGroupTypes />
        <PropertyTypes>
          <PropertyType Description="" DisplayName="Valid Since" Id="PT64" LogicalType="DATE" Mandatory="false" Position="0" SemanticTypeId="" MaximumLengthChars="250">
            <PossibleValues />
          </PropertyType>
          <PropertyType Description="" DisplayName="Last Seen" Id="PT65" LogicalType="DATE" Mandatory="false" Position="1" SemanticTypeId="" MaximumLengthChars="250">
            <PossibleValues />
          </PropertyType>
          <PropertyType Description="" DisplayName="Unique Ref" Id="PT1" LogicalType="SINGLE_LINE_STRING" Mandatory="false" Position="2" SemanticTypeId="" MaximumLengthChars="250">
            <PossibleValues />
          </PropertyType>
          <PropertyType Description="" DisplayName="Full Name" Id="PT2" LogicalType="SINGLE_LINE_STRING" Mandatory="false" Position="3" SemanticTypeId="" MaximumLengthChars="250">
            <PossibleValues />
          </PropertyType>
          <PropertyType Description="" DisplayName="Forenames" Id="PT3" LogicalType="SINGLE_LINE_STRING" Mandatory="false" Position="4" SemanticTypeId="" MaximumLengthChars="250">
            <PossibleValues />
          </PropertyType>
          <PropertyType Description="" DisplayName="Surname" Id="PT4" LogicalType="SINGLE_LINE_STRING" Mandatory="false" Position="5" SemanticTypeId="" MaximumLengthChars="250">
            <PossibleValues />
          </PropertyType>
          <PropertyType Description="" DisplayName="Gender" Id="PT5" LogicalType="SUGGESTED_FROM" Mandatory="false" Position="6" SemanticTypeId="" MaximumLengthChars="250">
            <PossibleValues>
              <PossibleValue Description="Male" Value="Male" />
              <PossibleValue Description="Female" Value="Female" />
              <PossibleValue Description="Other" Value="Other" />
              <PossibleValue Description="Unknown" Value="Unknown" />
            </PossibleValues>
          </PropertyType>
          <PropertyType Description="" DisplayName="Date Of Birth" Id="PT6" LogicalType="DATE" Mandatory="false" Position="7" SemanticTypeId="">
            <PossibleValues />
          </PropertyType>
          <PropertyType Description="" DisplayName="AdditionalInfo" Id="PT7" LogicalType="MULTIPLE_LINE_STRING" Mandatory="false" Position="8" SemanticTypeId="">
            <PossibleValues />
          </PropertyType>
          <PropertyType Description="" DisplayName="Display" Id="PT66" LogicalType="SINGLE_LINE_STRING" Mandatory="false" Position="9" SemanticTypeId="" MaximumLengthChars="250">
            <PossibleValues />
          </PropertyType>
          <PropertyType Description="" DisplayName="Possible Person" Id="PT75" LogicalType="BOOLEAN" Mandatory="false" Position="10" SemanticTypeId="">
            <PossibleValues />
          </PropertyType>
        </PropertyTypes>
      </EntityType>
      <EntityType DisplayName="Email" Id="ET2" Icon="Email">
        <PropertyGroupTypes />
        <PropertyTypes>
          <PropertyType Description="" DisplayName="Valid Since" Id="PT8" LogicalType="DATE" Mandatory="false" Position="0" SemanticTypeId="" MaximumLengthChars="250">
            <PossibleValues />
          </PropertyType>
          <PropertyType Description="" DisplayName="Last Seen" Id="PT9" LogicalType="DATE" Mandatory="false" Position="1" SemanticTypeId="" MaximumLengthChars="250">
            <PossibleValues />
          </PropertyType>
          <PropertyType Description="" DisplayName="Type" Id="PT10" LogicalType="SINGLE_LINE_STRING" Mandatory="false" Position="2" SemanticTypeId="" MaximumLengthChars="250">
            <PossibleValues />
          </PropertyType>
          <PropertyType Description="" DisplayName="Provider" Id="PT11" LogicalType="SINGLE_LINE_STRING" Mandatory="false" Position="3" SemanticTypeId="" MaximumLengthChars="250">
            <PossibleValues />
          </PropertyType>
          <PropertyType Description="" DisplayName="Email Address" Id="PT12" LogicalType="SINGLE_LINE_STRING" Mandatory="false" Position="4" SemanticTypeId="" MaximumLengthChars="250">
            <PossibleValues />
          </PropertyType>
          <PropertyType Description="" DisplayName="Address Hash" Id="PT13" LogicalType="SINGLE_LINE_STRING" Mandatory="false" Position="5" SemanticTypeId="" MaximumLengthChars="250">
            <PossibleValues />
          </PropertyType>
        </PropertyTypes>
      </EntityType>
      <EntityType DisplayName="Username" Id="ET3" Icon="Online Identitiy">
        <PropertyGroupTypes />
        <PropertyTypes>
          <PropertyType Description="" DisplayName="Valid Since" Id="PT14" LogicalType="SINGLE_LINE_STRING" Mandatory="false" Position="0" SemanticTypeId="" MaximumLengthChars="250">
            <PossibleValues />
          </PropertyType>
          <PropertyType Description="" DisplayName="Last Seen" Id="PT15" LogicalType="SINGLE_LINE_STRING" Mandatory="false" Position="1" SemanticTypeId="" MaximumLengthChars="250">
            <PossibleValues />
          </PropertyType>
          <PropertyType Description="" DisplayName="Content" Id="PT16" LogicalType="SINGLE_LINE_STRING" Mandatory="false" Position="2" SemanticTypeId="" MaximumLengthChars="250">
            <PossibleValues />
          </PropertyType>
          <PropertyType Description="" DisplayName="Name" Id="PT68" LogicalType="SINGLE_LINE_STRING" Mandatory="false" Position="3" SemanticTypeId="" MaximumLengthChars="250">
            <PossibleValues />
          </PropertyType>
          <PropertyType Description="" DisplayName="Handle" Id="PT69" LogicalType="SINGLE_LINE_STRING" Mandatory="false" Position="4" SemanticTypeId="" MaximumLengthChars="250">
            <PossibleValues />
          </PropertyType>
        </PropertyTypes>
      </EntityType>
      <EntityType DisplayName="Phone" Id="ET4" Icon="Cellfone">
        <PropertyGroupTypes />
        <PropertyTypes>
          <PropertyType Description="" DisplayName="Valid Since" Id="PT17" LogicalType="DATE" Mandatory="false" Position="0" SemanticTypeId="" MaximumLengthChars="250">
            <PossibleValues />
          </PropertyType>
          <PropertyType Description="" DisplayName="Last Seen" Id="PT18" LogicalType="DATE" Mandatory="false" Position="1" SemanticTypeId="" MaximumLengthChars="250">
            <PossibleValues />
          </PropertyType>
          <PropertyType Description="" DisplayName="Type" Id="PT67" LogicalType="SINGLE_LINE_STRING" Mandatory="false" Position="2" SemanticTypeId="" MaximumLengthChars="250">
            <PossibleValues />
          </PropertyType>
          <PropertyType Description="" DisplayName="Do Not Call?" Id="PT19" LogicalType="BOOLEAN" Mandatory="false" Position="3" SemanticTypeId="">
            <PossibleValues />
          </PropertyType>
          <PropertyType Description="" DisplayName="Country Code" Id="PT20" LogicalType="SINGLE_LINE_STRING" Mandatory="false" Position="4" SemanticTypeId="" MaximumLengthChars="250">
            <PossibleValues />
          </PropertyType>
          <PropertyType Description="" DisplayName="Number" Id="PT21" LogicalType="SINGLE_LINE_STRING" Mandatory="false" Position="5" SemanticTypeId="" MaximumLengthChars="250">
            <PossibleValues />
          </PropertyType>
          <PropertyType Description="" DisplayName="Display" Id="PT22" LogicalType="SINGLE_LINE_STRING" Mandatory="false" Position="6" SemanticTypeId="" MaximumLengthChars="250">
            <PossibleValues />
          </PropertyType>
          <PropertyType Description="" DisplayName="Display International" Id="PT23" LogicalType="SINGLE_LINE_STRING" Mandatory="false" Position="7" SemanticTypeId="" MaximumLengthChars="250">
            <PossibleValues />
          </PropertyType>
        </PropertyTypes>
      </EntityType>
      <EntityType DisplayName="Job" Id="ET5" Icon="Office blue">
        <PropertyGroupTypes />
        <PropertyTypes>
          <PropertyType Description="" DisplayName="Valid Since" Id="PT24" LogicalType="DATE" Mandatory="false" Position="0" SemanticTypeId="" MaximumLengthChars="250">
            <PossibleValues />
          </PropertyType>
          <PropertyType Description="" DisplayName="Last Seen" Id="PT25" LogicalType="DATE" Mandatory="false" Position="1" SemanticTypeId="" MaximumLengthChars="250">
            <PossibleValues />
          </PropertyType>
          <PropertyType Description="" DisplayName="Title" Id="PT26" LogicalType="SINGLE_LINE_STRING" Mandatory="false" Position="2" SemanticTypeId="" MaximumLengthChars="250">
            <PossibleValues />
          </PropertyType>
          <PropertyType Description="" DisplayName="Organisation" Id="PT27" LogicalType="SINGLE_LINE_STRING" Mandatory="false" Position="3" SemanticTypeId="" MaximumLengthChars="250">
            <PossibleValues />
          </PropertyType>
          <PropertyType Description="" DisplayName="Industry" Id="PT31" LogicalType="SINGLE_LINE_STRING" Mandatory="false" Position="4" SemanticTypeId="" MaximumLengthChars="250">
            <PossibleValues />
          </PropertyType>
          <PropertyType Description="" DisplayName="Date Start" Id="PT28" LogicalType="DATE" Mandatory="false" Position="5" SemanticTypeId="">
            <PossibleValues />
          </PropertyType>
          <PropertyType Description="" DisplayName="Date End" Id="PT29" LogicalType="DATE" Mandatory="false" Position="6" SemanticTypeId="">
            <PossibleValues />
          </PropertyType>
          <PropertyType Description="" DisplayName="Display" Id="PT30" LogicalType="SINGLE_LINE_STRING" Mandatory="false" Position="7" SemanticTypeId="" MaximumLengthChars="250">
            <PossibleValues />
          </PropertyType>
        </PropertyTypes>
      </EntityType>
      <EntityType DisplayName="Education" Id="ET6" Icon="School">
        <PropertyGroupTypes />
        <PropertyTypes>
          <PropertyType Description="" DisplayName="Valid Since" Id="PT32" LogicalType="DATE" Mandatory="false" Position="0" SemanticTypeId="" MaximumLengthChars="250">
            <PossibleValues />
          </PropertyType>
          <PropertyType Description="" DisplayName="Last Seen" Id="PT33" LogicalType="DATE" Mandatory="false" Position="1" SemanticTypeId="" MaximumLengthChars="250">
            <PossibleValues />
          </PropertyType>
          <PropertyType Description="" DisplayName="Degree" Id="PT34" LogicalType="SINGLE_LINE_STRING" Mandatory="false" Position="2" SemanticTypeId="" MaximumLengthChars="250">
            <PossibleValues />
          </PropertyType>
          <PropertyType Description="" DisplayName="School" Id="PT35" LogicalType="SINGLE_LINE_STRING" Mandatory="false" Position="3" SemanticTypeId="" MaximumLengthChars="250">
            <PossibleValues />
          </PropertyType>
          <PropertyType Description="" DisplayName="Date Start" Id="PT36" LogicalType="DATE" Mandatory="false" Position="4" SemanticTypeId="">
            <PossibleValues />
          </PropertyType>
          <PropertyType Description="" DisplayName="Date End" Id="PT37" LogicalType="DATE" Mandatory="false" Position="5" SemanticTypeId="">
            <PossibleValues />
          </PropertyType>
          <PropertyType Description="" DisplayName="Display" Id="PT38" LogicalType="SINGLE_LINE_STRING" Mandatory="false" Position="6" SemanticTypeId="" MaximumLengthChars="250">
            <PossibleValues />
          </PropertyType>
        </PropertyTypes>
      </EntityType>
      <EntityType DisplayName="Image" Id="ET7" Icon="Picturedoc">
        <PropertyGroupTypes />
        <PropertyTypes>
          <PropertyType Description="" DisplayName="Valid Since" Id="PT39" LogicalType="DATE" Mandatory="false" Position="0" SemanticTypeId="" MaximumLengthChars="250">
            <PossibleValues />
          </PropertyType>
          <PropertyType Description="" DisplayName="Last Seen" Id="PT40" LogicalType="DATE" Mandatory="false" Position="1" SemanticTypeId="" MaximumLengthChars="250">
            <PossibleValues />
          </PropertyType>
          <PropertyType Description="" DisplayName="URL" Id="PT41" LogicalType="SINGLE_LINE_STRING" Mandatory="false" Position="2" SemanticTypeId="" MaximumLengthChars="250">
            <PossibleValues />
          </PropertyType>
          <PropertyType Description="" DisplayName="Thumbnail Token" Id="PT42" LogicalType="SINGLE_LINE_STRING" Mandatory="false" Position="3" SemanticTypeId="" MaximumLengthChars="250">
            <PossibleValues />
          </PropertyType>
        </PropertyTypes>
      </EntityType>
      <EntityType Description="" DisplayName="URL" Id="ET8" Icon="Web Page">
        <PropertyGroupTypes />
        <PropertyTypes>
          <PropertyType Description="" DisplayName="Source ID" Id="PT43" LogicalType="SINGLE_LINE_STRING" Mandatory="false" Position="0" SemanticTypeId="" MaximumLengthChars="250">
            <PossibleValues />
          </PropertyType>
          <PropertyType Description="" DisplayName="Domain" Id="PT44" LogicalType="SINGLE_LINE_STRING" Mandatory="false" Position="1" SemanticTypeId="" MaximumLengthChars="250">
            <PossibleValues />
          </PropertyType>
          <PropertyType Description="" DisplayName="Name" Id="PT45" LogicalType="SINGLE_LINE_STRING" Mandatory="false" Position="2" SemanticTypeId="" MaximumLengthChars="250">
            <PossibleValues />
          </PropertyType>
          <PropertyType Description="" DisplayName="Category" Id="PT46" LogicalType="SINGLE_LINE_STRING" Mandatory="false" Position="3" SemanticTypeId="" MaximumLengthChars="250">
            <PossibleValues />
          </PropertyType>
          <PropertyType Description="" DisplayName="URL" Id="PT47" LogicalType="SINGLE_LINE_STRING" Mandatory="false" Position="4" SemanticTypeId="" MaximumLengthChars="250">
            <PossibleValues />
          </PropertyType>
        </PropertyTypes>
      </EntityType>
      <EntityType DisplayName="Address" Id="ET9" Icon="Place">
        <PropertyGroupTypes />
        <PropertyTypes>
          <PropertyType Description="" DisplayName="Valid Since" Id="PT48" LogicalType="DATE" Mandatory="false" Position="0" SemanticTypeId="" MaximumLengthChars="250">
            <PossibleValues />
          </PropertyType>
          <PropertyType Description="" DisplayName="Last Seen" Id="PT49" LogicalType="DATE" Mandatory="false" Position="1" SemanticTypeId="" MaximumLengthChars="250">
            <PossibleValues />
          </PropertyType>
          <PropertyType Description="" DisplayName="Type" Id="PT50" LogicalType="SINGLE_LINE_STRING" Mandatory="false" Position="2" SemanticTypeId="" MaximumLengthChars="250">
            <PossibleValues />
          </PropertyType>
          <PropertyType Description="" DisplayName="Country" Id="PT51" LogicalType="SINGLE_LINE_STRING" Mandatory="false" Position="3" SemanticTypeId="" MaximumLengthChars="250">
            <PossibleValues />
          </PropertyType>
          <PropertyType Description="" DisplayName="State" Id="PT52" LogicalType="SINGLE_LINE_STRING" Mandatory="false" Position="4" SemanticTypeId="" MaximumLengthChars="250">
            <PossibleValues />
          </PropertyType>
          <PropertyType Description="" DisplayName="City" Id="PT53" LogicalType="SINGLE_LINE_STRING" Mandatory="false" Position="5" SemanticTypeId="" MaximumLengthChars="250">
            <PossibleValues />
          </PropertyType>
          <PropertyType Description="" DisplayName="Street" Id="PT54" LogicalType="SINGLE_LINE_STRING" Mandatory="false" Position="6" SemanticTypeId="" MaximumLengthChars="250">
            <PossibleValues />
          </PropertyType>
          <PropertyType Description="" DisplayName="House" Id="PT55" LogicalType="SINGLE_LINE_STRING" Mandatory="false" Position="7" SemanticTypeId="" MaximumLengthChars="250">
            <PossibleValues />
          </PropertyType>
          <PropertyType Description="" DisplayName="Zip Code" Id="PT56" LogicalType="SINGLE_LINE_STRING" Mandatory="false" Position="8" SemanticTypeId="" MaximumLengthChars="250">
            <PossibleValues />
          </PropertyType>
          <PropertyType Description="" DisplayName="Display" Id="PT57" LogicalType="SINGLE_LINE_STRING" Mandatory="false" Position="9" SemanticTypeId="" MaximumLengthChars="250">
            <PossibleValues />
          </PropertyType>
        </PropertyTypes>
      </EntityType>
      <EntityType Description="An Analyst's Notebook chart" DisplayName="Analyst's Notebook Chart" Id="CHART" Icon="Anbchart">
        <PropertyGroupTypes />
        <PropertyTypes>
          <PropertyType Description="The name of the chart, which is independent from its file name" DisplayName="Name" Id="CHART1" LogicalType="SINGLE_LINE_STRING" Mandatory="true" Position="0" SemanticTypeId="" MaximumLengthChars="255">
            <PossibleValues />
          </PropertyType>
          <PropertyType Description="A description of the chart" DisplayName="Description" Id="CHART2" LogicalType="MULTIPLE_LINE_STRING" Mandatory="false" Position="1" SemanticTypeId="">
            <PossibleValues />
          </PropertyType>
        </PropertyTypes>
      </EntityType>
      <EntityType DisplayName="Vehicle" Id="ET10" Icon="Car">
        <PropertyGroupTypes />
        <PropertyTypes>
          <PropertyType Description="" DisplayName="Valid Since" Id="PT73" LogicalType="DATE" Mandatory="false" Position="0" SemanticTypeId="">
            <PossibleValues />
          </PropertyType>
          <PropertyType Description="" DisplayName="Last Seen" Id="PT74" LogicalType="DATE" Mandatory="false" Position="1" SemanticTypeId="">
            <PossibleValues />
          </PropertyType>
          <PropertyType Description="" DisplayName="VIN" Id="PT70" LogicalType="SINGLE_LINE_STRING" Mandatory="false" Position="2" SemanticTypeId="" MaximumLengthChars="20">
            <PossibleValues />
          </PropertyType>
          <PropertyType Description="" DisplayName="Make" Id="PT71" LogicalType="SINGLE_LINE_STRING" Mandatory="false" Position="3" SemanticTypeId="" MaximumLengthChars="250">
            <PossibleValues />
          </PropertyType>
          <PropertyType Description="" DisplayName="Model" Id="PT72" LogicalType="SINGLE_LINE_STRING" Mandatory="false" Position="4" SemanticTypeId="" MaximumLengthChars="250">
            <PossibleValues />
          </PropertyType>
          <PropertyType Description="" DisplayName="Type" Id="PT85" LogicalType="SINGLE_LINE_STRING" Mandatory="false" Position="5" SemanticTypeId="" MaximumLengthChars="250">
            <PossibleValues />
          </PropertyType>
        </PropertyTypes>
      </EntityType>
      <EntityType DisplayName="Alias" Id="ET11" Icon="Othname">
        <PropertyGroupTypes />
        <PropertyTypes>
          <PropertyType Description="" DisplayName="Valid Since" Id="PT76" LogicalType="DATE" Mandatory="false" Position="0" SemanticTypeId="">
            <PossibleValues />
          </PropertyType>
          <PropertyType Description="" DisplayName="Last Seen" Id="PT77" LogicalType="DATE" Mandatory="false" Position="1" SemanticTypeId="">
            <PossibleValues />
          </PropertyType>
          <PropertyType Description="" DisplayName="First Name" Id="PT78" LogicalType="SINGLE_LINE_STRING" Mandatory="false" Position="2" SemanticTypeId="" MaximumLengthChars="250">
            <PossibleValues />
          </PropertyType>
          <PropertyType Description="" DisplayName="Middle Names" Id="PT79" LogicalType="SINGLE_LINE_STRING" Mandatory="false" Position="3" SemanticTypeId="" MaximumLengthChars="250">
            <PossibleValues />
          </PropertyType>
          <PropertyType Description="" DisplayName="Last Name" Id="PT80" LogicalType="SINGLE_LINE_STRING" Mandatory="false" Position="4" SemanticTypeId="" MaximumLengthChars="250">
            <PossibleValues />
          </PropertyType>
          <PropertyType Description="" DisplayName="Prefix" Id="PT81" LogicalType="SINGLE_LINE_STRING" Mandatory="false" Position="5" SemanticTypeId="" MaximumLengthChars="250">
            <PossibleValues />
          </PropertyType>
          <PropertyType Description="" DisplayName="Suffix" Id="PT82" LogicalType="SINGLE_LINE_STRING" Mandatory="false" Position="6" SemanticTypeId="" MaximumLengthChars="250">
            <PossibleValues />
          </PropertyType>
          <PropertyType Description="" DisplayName="Type" Id="PT83" LogicalType="SINGLE_LINE_STRING" Mandatory="false" Position="7" SemanticTypeId="" MaximumLengthChars="250">
            <PossibleValues />
          </PropertyType>
          <PropertyType Description="" DisplayName="Display" Id="PT84" LogicalType="SINGLE_LINE_STRING" Mandatory="false" Position="8" SemanticTypeId="" MaximumLengthChars="250">
            <PossibleValues />
          </PropertyType>
        </PropertyTypes>
      </EntityType>
      <EntityType Description="A relation to the person" DisplayName="Relationship" Id="ET12" Icon="Person (Shaded Shirt)">
        <PropertyGroupTypes />
        <PropertyTypes>
          <PropertyType Description="" DisplayName="Valid Since" Id="PT87" LogicalType="DATE" Mandatory="false" Position="0" SemanticTypeId="" MaximumLengthChars="250">
            <PossibleValues />
          </PropertyType>
          <PropertyType Description="" DisplayName="Last Seen" Id="PT88" LogicalType="DATE" Mandatory="false" Position="1" SemanticTypeId="" MaximumLengthChars="250">
            <PossibleValues />
          </PropertyType>
          <PropertyType Description="" DisplayName="Type" Id="PT89" LogicalType="SINGLE_LINE_STRING" Mandatory="false" Position="2" SemanticTypeId="" MaximumLengthChars="250">
            <PossibleValues />
          </PropertyType>
          <PropertyType Description="" DisplayName="Subtype" Id="PT90" LogicalType="SINGLE_LINE_STRING" Mandatory="false" Position="3" SemanticTypeId="" MaximumLengthChars="250">
            <PossibleValues />
          </PropertyType>
          <PropertyType Description="" DisplayName="First Name" Id="PT86" LogicalType="SINGLE_LINE_STRING" Mandatory="false" Position="4" SemanticTypeId="" MaximumLengthChars="250">
            <PossibleValues />
          </PropertyType>
          <PropertyType Description="" DisplayName="Middle Names" Id="PT91" LogicalType="SINGLE_LINE_STRING" Mandatory="false" Position="5" SemanticTypeId="" MaximumLengthChars="250">
            <PossibleValues />
          </PropertyType>
          <PropertyType Description="" DisplayName="Last Name" Id="PT92" LogicalType="SINGLE_LINE_STRING" Mandatory="false" Position="6" SemanticTypeId="" MaximumLengthChars="250">
            <PossibleValues />
          </PropertyType>
          <PropertyType Description="" DisplayName="Display" Id="PT93" LogicalType="SINGLE_LINE_STRING" Mandatory="false" Position="7" SemanticTypeId="" MaximumLengthChars="250">
            <PossibleValues />
          </PropertyType>
        </PropertyTypes>
      </EntityType>
    </EntityTypes>
    <LinkTypes>
      <LinkType Description="Alert Feed Subscription" DisplayName="Alert Feed Subscription" Id="dab2f6f2-813c-4a47-b630-b91f52a1e0e1" FromTypeIds="642330a9-1eca-43d0-9f45-a3ca2fd8a1bb" ToTypeIds="1274e2e7-7751-4dae-a994-648718e19f04">
        <PropertyGroupTypes>
          <PropertyGroupType Description="The ways in which alerts are delivered" DisplayName="Alert delivery methods" Id="84aa56e3-84a1-4c05-9a77-4f9185202a55" Mandatory="false" Position="0">
            <PropertyTypes>
              <PropertyType Description="Through the alert retrieval web service" DisplayName="By alert retrieval" Id="72367e78-b265-46e1-8fc8-81f42d307e40" LogicalType="BOOLEAN" Mandatory="false" Position="0" SemanticTypeId="">
                <PossibleValues />
              </PropertyType>
            </PropertyTypes>
          </PropertyGroupType>
        </PropertyGroupTypes>
        <PropertyTypes />
      </LinkType>
      <LinkType Description="" DisplayName="Associated" Id="LT1" FromTypeIds="ET1 ET2 ET3 ET4 ET5 ET6 ET7 ET8 ET9 ET10 ET11 ET12" ToTypeIds="ET9 ET8 ET7 ET6 ET5 ET4 ET3 ET2 ET1 ET10 ET11 ET12">
        <PropertyGroupTypes />
        <PropertyTypes>
          <PropertyType Description="" DisplayName="Unique Ref" Id="PT58" LogicalType="SINGLE_LINE_STRING" Mandatory="false" Position="0" SemanticTypeId="" MaximumLengthChars="250">
            <PossibleValues />
          </PropertyType>
          <PropertyType Description="" DisplayName="Type" Id="PT59" LogicalType="SINGLE_LINE_STRING" Mandatory="false" Position="1" SemanticTypeId="" MaximumLengthChars="250">
            <PossibleValues />
          </PropertyType>
          <PropertyType Description="" DisplayName="Date Start" Id="PT60" LogicalType="DATE" Mandatory="false" Position="2" SemanticTypeId="">
            <PossibleValues />
          </PropertyType>
          <PropertyType Description="" DisplayName="Date End" Id="PT61" LogicalType="DATE" Mandatory="false" Position="3" SemanticTypeId="">
            <PossibleValues />
          </PropertyType>
          <PropertyType Description="" DisplayName="DateTime Start" Id="PT62" LogicalType="DATE_AND_TIME" Mandatory="false" Position="4" SemanticTypeId="">
            <PossibleValues />
          </PropertyType>
          <PropertyType Description="" DisplayName="Date Time End" Id="PT63" LogicalType="DATE_AND_TIME" Mandatory="false" Position="5" SemanticTypeId="">
            <PossibleValues />
          </PropertyType>
        </PropertyTypes>
      </LinkType>
    </LinkTypes>
  </ItemTypes>
  <Id>85a39126-611a-45b3-a41e-79aa8633431e</Id>
  <Version>14</Version>
  <SourceInfoMandatoryFields IsDateMandatory="false" IsDescriptionMandatory="false" IsReferenceMandatory="false" IsTypeMandatory="false" />
  <LinkStrengthInfo DefaultLinkStrengthId="f232caa8-cf55-4d9a-8c21-19a55b0447da">
    <LinkStrengths>
      <LinkStrength Id="f232caa8-cf55-4d9a-8c21-19a55b0447da" Name="Confirmed" LineStyle="SOLID" />
      <LinkStrength Id="59f66ee2-0abe-4036-a11d-07ed4175720e" Name="Unconfirmed" LineStyle="DASHED" />
      <LinkStrength Id="f0d2ff1c-28cb-4afe-8cbb-89e198c910a3" Name="Tentative" LineStyle="DOTTED" />
    </LinkStrengths>
  </LinkStrengthInfo>
  <LabelingSchemes>
    <LabelingScheme Id="LS1" Name="Labeling Scheme 1">
      <LabelDefinitions>
        <LabelDefinition ItemTypeId="372a12af-f684-41c5-9ce9-759b3beef826">
          <LabelParts>
            <LabelPart Value="07e81445-0f5e-4340-b355-c82809e895da" LabelPartType="PROPERTY_TYPE" />
          </LabelParts>
        </LabelDefinition>
        <LabelDefinition ItemTypeId="642330a9-1eca-43d0-9f45-a3ca2fd8a1bb">
          <LabelParts>
            <LabelPart Value="ce3d12ac-2632-4a0f-b2b6-6a7fdda887a6" LabelPartType="PROPERTY_TYPE" />
          </LabelParts>
        </LabelDefinition>
        <LabelDefinition ItemTypeId="43cd717c-0204-4c81-93ea-f9f0458bc5ea">
          <LabelParts>
            <LabelPart Value="98ce27bc-50d7-4fa0-89b0-d6440cdb12fd" LabelPartType="PROPERTY_TYPE" />
          </LabelParts>
        </LabelDefinition>
        <LabelDefinition ItemTypeId="1274e2e7-7751-4dae-a994-648718e19f04">
          <LabelParts>
            <LabelPart Value="b7b059a0-1079-45ac-8ae0-ee026f70dd69" LabelPartType="PROPERTY_TYPE" />
          </LabelParts>
        </LabelDefinition>
        <LabelDefinition ItemTypeId="dab2f6f2-813c-4a47-b630-b91f52a1e0e1">
          <LabelParts>
            <LabelPart Value="Subscribed to" LabelPartType="LITERAL" />
          </LabelParts>
        </LabelDefinition>
        <LabelDefinition ItemTypeId="cf17d636-44c9-4897-b19d-7d2eda002e57">
          <LabelParts>
            <LabelPart Value="d6d03ce2-3cd6-49c1-8a66-366d0e434fd4" LabelPartType="PROPERTY_TYPE" />
          </LabelParts>
        </LabelDefinition>
        <LabelDefinition ItemTypeId="ET1">
          <LabelParts />
        </LabelDefinition>
        <LabelDefinition ItemTypeId="ET2">
          <LabelParts />
        </LabelDefinition>
        <LabelDefinition ItemTypeId="ET3">
          <LabelParts />
        </LabelDefinition>
        <LabelDefinition ItemTypeId="ET4">
          <LabelParts />
        </LabelDefinition>
        <LabelDefinition ItemTypeId="ET5">
          <LabelParts />
        </LabelDefinition>
        <LabelDefinition ItemTypeId="ET6">
          <LabelParts />
        </LabelDefinition>
        <LabelDefinition ItemTypeId="ET7">
          <LabelParts />
        </LabelDefinition>
        <LabelDefinition ItemTypeId="ET8">
          <LabelParts />
        </LabelDefinition>
        <LabelDefinition ItemTypeId="ET9">
          <LabelParts />
        </LabelDefinition>
        <LabelDefinition ItemTypeId="LT1">
          <LabelParts />
        </LabelDefinition>
        <LabelDefinition ItemTypeId="CHART">
          <LabelParts />
        </LabelDefinition>
        <LabelDefinition ItemTypeId="ET10">
          <LabelParts />
        </LabelDefinition>
        <LabelDefinition ItemTypeId="ET11">
          <LabelParts />
        </LabelDefinition>
        <LabelDefinition ItemTypeId="ET12">
          <LabelParts />
        </LabelDefinition>
      </LabelDefinitions>
    </LabelingScheme>
  </LabelingSchemes>
  <SemanticTypeLibrary>
    <lcx:LibraryCatalogue VersionMajor="1" VersionMinor="18" VersionRelease="27" VersionBuild="60" xmlns:lcx="http://www.i2group.com/Schemas/2001-12-07/LCXSchema" xmlns:xsi="http://www.w3.org/2001/XMLSchema-instance" LocaleHex="0409" />
  </SemanticTypeLibrary>
</ns2:Schema>